category_name,amount
Sports,4892.1900000000005
Sci-Fi,4336.01
Animation,4245.31
Drama,4118.46
Comedy,4002.48
New,3966.38
Action,3951.84
Foreign,3934.4700000000003
Games,3922.1800000000003
Family,3830.15
Documentary,3749.65
Horror,3401.27
Classics,3353.38
Children,3309.3900000000003
Travel,3227.36
Music,3071.52
